sym,t,date,kind,volx,clv,close,sig_low,atr_pct,trend200,ext,near_earn,year,fill,gap_pct,stop_pct,o_t5,p_t5,d_t5,o_t8,p_t8,d_t8,o_t10,p_t10,d_t10,p_hold5,p_hold10,p_hold20,mfe,mae
UBER,200,2024-07-11,B,2.0,0.98,73.53,68.8499984741211,2.81,True,7.65,False,2024,72.11,-1.93,4.52,stop,-4.52,3,stop,-4.52,3,stop,-4.52,3,-6.66,-10.69,-4.95,4.56,-23.95
SHOP,203,2024-07-16,A,2.67,0.9,69.72,66.83000183105469,2.7,False,9.88,False,2024,68.17,-2.22,1.97,stop,-1.97,0,stop,-1.97,0,stop,-1.97,0,-13.06,-10.22,5.02,5.27,-28.77
JNJ,204,2024-07-17,A,2.09,0.85,156.58,151.4199981689453,1.48,False,5.58,True,2024,155.6,-0.63,2.69,target,5.0,11,time,2.24,20,time,2.24,20,2.6,3.32,2.24,6.54,-2.59
MDT,204,2024-07-17,B,1.53,0.92,81.26,77.94000244140625,1.65,True,0.14,False,2024,80.45,-1.0,3.12,time,3.98,20,time,3.98,20,time,3.98,20,-2.47,0.05,3.98,4.45,-2.65
ISRG,206,2024-07-19,A,2.47,0.9,455.01,439.0,2.45,True,8.44,True,2024,462.33,1.61,5.05,stop,-5.05,3,stop,-5.05,3,stop,-5.05,3,-4.04,-5.26,4.29,4.42,-7.08
SYK,206,2024-07-19,B,2.31,0.95,340.95,331.9700012207031,1.93,True,0.94,False,2024,342.12,0.34,2.97,stop,-2.97,3,stop,-2.97,3,stop,-2.97,3,-2.58,-7.65,-0.31,1.15,-7.95
NXPI,207,2024-07-22,B,2.18,0.93,283.81,271.0199890136719,3.2,True,3.98,True,2024,260.79,-8.11,-3.92,stop,3.92,0,stop,3.92,0,stop,3.92,0,-3.49,-9.21,-2.6,3.39,-12.46
BSX,209,2024-07-24,B,2.9,0.88,77.76,75.41000366210938,1.8,True,1.86,True,2024,78.25,0.63,3.63,stop,-3.63,0,stop,-3.63,0,stop,-3.63,0,-3.95,-3.45,1.7,2.13,-8.14
ANET,214,2024-07-31,B,2.6,0.83,86.64,82.75,4.17,True,5.02,True,2024,87.62,1.14,5.56,stop,-8.7,1,stop,-8.7,1,stop,-8.7,1,-4.56,1.74,-1.12,3.89,-16.7
KLAC,214,2024-07-31,B,1.96,0.9,82.31,79.03099822998047,4.99,True,2.02,False,2024,82.12,-0.22,3.77,stop,-3.77,0,stop,-3.77,0,stop,-3.77,0,-8.4,1.82,-3.1,2.27,-21.09
REGN,215,2024-08-01,B,2.3,0.86,1093.14,1041.8499755859375,2.28,True,5.14,True,2024,1099.77,0.61,5.27,target,5.0,7,target,8.0,11,target,10.0,17,2.86,7.23,7.72,10.13,-4.52
PG,216,2024-08-02,B,1.71,0.95,170.08,165.14999389648438,2.12,True,2.28,False,2024,170.88,0.47,3.35,time,2.13,20,time,2.13,20,time,2.13,20,-2.38,-1.44,2.13,2.41,-2.96
TJX,221,2024-08-09,B,1.56,0.8,110.7,109.4800033569336,1.76,True,0.23,False,2024,111.07,0.33,1.43,stop,-2.56,2,stop,-2.56,2,stop,-2.56,2,1.28,8.16,6.09,9.06,-3.03
HD,223,2024-08-13,B,2.01,0.76,350.07,339.3699951171875,2.83,True,0.5,True,2024,349.55,-0.15,2.91,target,5.0,4,target,8.0,8,time,7.12,20,5.98,6.62,7.12,8.3,-0.04
SBUX,223,2024-08-13,A,11.4,0.98,95.9,90.29000091552734,3.75,False,23.57,False,2024,95.39,-0.53,5.35,stop,-5.35,16,stop,-5.35,16,stop,-5.35,16,-2.74,-0.09,4.08,4.11,-5.46
MRVL,225,2024-08-15,B,1.52,0.88,69.33,65.94999694824219,5.72,True,1.78,False,2024,68.12,-1.75,3.19,target,5.0,4,target,14.94,10,target,14.94,10,5.46,11.92,7.75,15.97,-3.8
TJX,227,2024-08-19,B,1.51,0.76,112.49,111.80999755859375,1.89,True,1.22,True,2024,113.04,0.49,1.09,target,6.06,1,time,3.72,20,time,3.72,20,6.21,3.96,3.72,7.16,-0.6
SNOW,229,2024-08-21,A,3.07,0.87,135.06,130.66000366210938,3.96,False,3.93,True,2024,122.1,-9.6,-7.01,stop,7.01,0,stop,7.01,0,stop,7.01,0,-6.52,-11.09,-9.69,1.54,-12.26
TJX,229,2024-08-21,A,2.25,0.78,120.23,117.91000366210938,2.16,True,7.82,True,2024,119.02,-1.01,0.93,stop,-0.93,5,stop,-0.93,5,stop,-0.93,5,-1.39,-2.86,-0.92,1.77,-3.03
NOW,236,2024-08-30,A,2.01,0.89,171.0,167.16799926757812,1.98,True,8.08,False,2024,171.28,0.16,2.4,stop,-2.4,0,stop,-2.4,0,stop,-2.4,0,0.44,3.44,1.26,10.4,-4.37
PEP,236,2024-08-30,B,1.82,0.71,172.88,171.25,1.27,False,1.69,False,2024,172.38,-0.29,0.66,stop,-0.66,13,stop,-0.66,13,stop,-0.66,13,3.15,2.6,-0.58,4.26,-2.15
PLTR,241,2024-09-09,A,3.13,0.96,34.6,32.470001220703125,3.86,True,19.88,False,2024,34.81,0.61,6.72,target,5.0,4,target,8.0,9,target,10.0,17,4.71,6.0,19.07,19.19,-3.42
ANET,243,2024-09-11,B,1.72,0.95,85.73,81.04624938964844,3.66,True,0.42,False,2024,85.7,-0.04,5.43,target,5.0,1,target,8.75,5,target,10.0,5,10.65,12.69,19.53,19.81,-0.89
VRT,243,2024-09-11,B,1.57,0.97,82.39,75.49500274658203,4.93,True,2.86,False,2024,81.65,-0.9,7.0,target,5.0,0,target,8.41,1,target,10.0,4,12.75,23.23,31.62,33.96,-0.17
AVGO,244,2024-09-12,B,1.57,0.81,164.56,156.8300018310547,5.28,True,4.29,False,2024,166.74,1.32,5.94,target,5.0,7,target,8.0,9,target,10.0,18,2.61,3.57,8.84,11.8,-3.8
ORCL,244,2024-09-12,A,2.02,0.78,161.38,157.89999389648438,2.71,True,15.63,False,2024,173.7,7.63,7.0,stop,-7.0,0,stop,-7.0,0,stop,-7.0,0,-3.28,-2.86,1.19,2.83,-7.31
ARM,245,2024-09-13,B,1.66,0.7,147.37,141.3699951171875,5.53,True,4.65,False,2024,143.0,-2.97,1.14,stop,-1.14,0,stop,-1.14,0,stop,-1.14,0,-0.9,0.01,13.16,14.8,-7.13
AMZN,250,2024-09-20,A,3.06,0.95,191.6,187.41000366210938,2.48,True,7.12,False,2024,191.64,0.02,2.21,stop,-2.21,4,stop,-2.21,4,stop,-2.21,4,-2.77,-5.66,-1.34,1.95,-5.94
CRWD,250,2024-09-20,A,4.04,0.96,74.96,70.97000122070312,3.36,False,11.97,False,2024,74.44,-0.69,4.67,stop,-4.67,3,stop,-4.67,3,stop,-4.67,3,-5.81,-3.63,3.95,8.79,-8.43
EOG,250,2024-09-20,B,2.79,0.94,126.03,123.94999694824219,2.05,True,0.3,False,2024,125.71,-0.25,1.4,stop,-3.13,3,stop,-3.13,3,stop,-3.13,3,-2.21,6.79,0.0,7.79,-4.62
NOW,250,2024-09-20,A,3.66,0.88,187.47,183.46200561523438,2.43,True,14.23,False,2024,187.38,-0.05,2.09,stop,-2.09,1,stop,-2.09,1,stop,-2.09,1,-4.54,-3.3,-1.98,1.36,-7.86
PANW,250,2024-09-20,B,1.51,0.89,170.06,166.1649932861328,2.95,True,1.27,False,2024,169.82,-0.14,2.15,stop,-2.15,6,stop,-2.15,6,stop,-2.15,6,0.64,-0.5,11.42,13.06,-3.35
PG,250,2024-09-20,B,4.75,0.89,174.22,171.5,1.53,True,2.42,False,2024,174.01,-0.12,1.44,stop,-1.44,3,stop,-1.44,3,stop,-1.44,3,-0.47,-3.96,-2.57,0.68,-4.45
UNP,250,2024-09-20,B,3.13,0.93,245.39,242.5399932861328,1.94,True,0.19,False,2024,245.09,-0.12,1.04,stop,-1.04,1,stop,-1.04,1,stop,-1.04,1,0.57,-3.35,-1.93,2.1,-4.0
FCX,252,2024-09-24,A,2.35,0.82,48.72,47.540000915527344,2.85,False,11.9,False,2024,48.75,0.06,2.48,target,5.0,1,stop,-2.48,14,stop,-2.48,14,4.25,0.25,-1.7,7.92,-3.41
SCCO,254,2024-09-26,A,2.05,0.79,113.11,109.5879898071289,3.07,True,17.98,False,2024,112.24,-0.77,2.36,stop,-2.36,1,stop,-2.36,1,stop,-2.36,1,-1.3,-1.56,-3.42,0.77,-7.72
ZS,264,2024-10-10,A,2.07,0.94,195.5,185.0989990234375,2.64,False,10.25,False,2024,195.33,-0.09,5.24,stop,-5.24,8,stop,-5.24,8,stop,-5.24,8,-2.72,-5.31,0.2,3.94,-8.04
UBER,265,2024-10-11,A,4.04,0.87,86.34,81.86000061035156,2.75,True,19.31,False,2024,85.64,-0.81,4.41,stop,-4.41,2,stop,-4.41,2,stop,-4.41,2,-6.05,-9.28,-16.34,0.63,-18.41
ISRG,270,2024-10-18,A,3.47,0.92,521.15,495.0,2.35,True,7.84,True,2024,519.04,-0.4,4.63,time,2.43,20,time,2.43,20,time,2.43,20,-1.57,-2.24,2.43,4.88,-3.54
MSFT,272,2024-10-22,B,1.57,0.76,427.51,418.0400085449219,1.52,True,1.76,False,2024,430.86,0.78,2.98,stop,-3.6,6,stop,-3.6,6,stop,-3.6,6,0.39,-2.48,-3.57,1.77,-5.87
BSX,273,2024-10-23,B,3.84,0.97,87.45,83.2699966430664,1.97,True,5.26,True,2024,88.37,1.05,5.77,stop,-5.77,4,stop,-5.77,4,stop,-5.77,4,-4.92,-1.69,3.54,3.79,-8.75
SBUX,273,2024-10-23,B,3.01,0.98,97.65,93.69000244140625,1.74,True,2.39,False,2024,97.69,0.04,4.09,time,2.43,20,time,2.43,20,time,2.43,20,0.01,-1.61,2.43,3.81,-2.98
TXN,274,2024-10-24,B,1.9,0.95,206.61,201.2100067138672,2.36,True,1.64,True,2024,207.61,0.48,3.08,stop,-3.08,7,stop,-3.08,7,stop,-3.08,7,-1.3,6.11,-4.63,6.16,-5.64
TSLA,275,2024-10-25,A,2.03,0.98,269.19,255.32000732421875,4.05,True,16.75,True,2024,270.0,0.3,5.44,stop,-5.44,3,stop,-5.44,3,stop,-5.44,3,-10.06,29.63,25.4,34.05,-11.53
GOOGL,277,2024-10-29,A,2.04,0.79,169.68,167.08999633789062,1.73,True,4.69,True,2024,180.68,6.48,7.0,stop,-7.0,3,stop,-7.0,3,stop,-7.0,3,-2.31,-1.0,-6.34,1.0,-9.4
MPWR,277,2024-10-29,B,1.51,0.91,933.23,891.1900024414062,3.31,True,3.29,True,2024,912.71,-2.2,2.36,stop,-9.47,1,stop,-9.47,1,stop,-9.47,1,-13.96,-34.1,-38.62,2.08,-40.1
ABBV,278,2024-10-30,A,2.24,0.94,201.5,188.5500030517578,1.76,True,3.95,True,2024,201.97,0.23,6.64,stop,-11.59,7,stop,-11.59,7,stop,-11.59,7,-0.72,-16.01,-9.43,2.65,-18.89
ETN,279,2024-10-31,B,2.77,0.81,331.58,321.3900146484375,2.14,True,2.9,True,2024,335.95,1.32,4.33,target,5.67,3,target,8.0,3,target,10.67,6,9.14,6.86,10.8,13.11,-1.88
PH,279,2024-10-31,B,2.59,0.9,634.07,615.260009765625,1.48,True,3.22,True,2024,631.57,-0.39,2.58,target,8.11,3,target,8.11,3,target,10.0,3,10.14,10.66,10.94,12.8,-0.43
LULU,280,2024-11-01,A,2.06,0.95,321.17,297.760009765625,2.97,False,16.92,False,2024,320.25,-0.29,7.0,target,5.0,19,time,6.37,20,time,6.37,20,-0.56,-3.35,6.37,6.61,-6.89
SYK,280,2024-11-01,B,1.71,0.94,367.15,357.7799987792969,2.16,True,1.98,False,2024,368.0,0.23,2.78,target,5.0,6,target,8.0,10,time,6.24,20,2.95,5.82,6.24,8.21,-1.35
EMR,281,2024-11-04,B,1.62,0.71,109.81,107.45999908447266,1.47,False,2.87,True,2024,115.75,5.41,7.0,target,9.26,1,target,9.26,1,target,10.0,1,10.93,11.93,16.05,16.5,-0.32
PLTR,282,2024-11-05,A,4.51,0.91,51.13,46.86000061035156,3.73,True,32.53,True,2024,53.44,4.52,7.0,target,5.0,1,target,8.0,2,target,12.52,3,13.59,16.24,34.49,36.56,-3.42
VRTX,282,2024-11-05,B,1.64,0.89,499.88,474.0,2.23,True,5.37,True,2024,505.35,1.09,6.2,stop,-6.2,7,stop,-6.2,7,stop,-6.2,7,-2.13,-10.71,-8.99,2.88,-11.94
AMZN,283,2024-11-06,A,2.06,0.95,207.09,199.13999938964844,2.55,True,11.14,False,2024,207.44,0.17,4.0,stop,-4.0,8,stop,-4.0,8,stop,-4.0,8,1.95,-4.37,9.44,9.5,-5.64
ARM,283,2024-11-06,B,1.98,0.73,144.68,141.00999450683594,4.58,True,2.25,True,2024,140.0,-3.23,-0.72,stop,0.72,0,stop,0.72,0,stop,0.72,0,-2.61,-4.9,0.64,10.46,-9.75
CAT,283,2024-11-06,A,2.2,0.9,416.88,404.010009765625,2.31,True,11.24,False,2024,414.92,-0.47,2.63,stop,-3.36,1,stop,-3.36,1,stop,-3.36,1,-6.64,-6.1,-4.79,0.86,-8.89
COST,283,2024-11-06,B,1.59,0.95,899.25,886.280029296875,1.21,True,0.83,False,2024,898.62,-0.07,1.37,target,5.0,1,target,8.0,11,target,10.0,18,2.81,6.35,10.46,11.03,-0.47
EMR,283,2024-11-06,A,2.97,0.81,126.86,123.12999725341797,2.2,False,18.05,True,2024,126.2,-0.52,2.43,target,5.0,12,time,3.79,20,time,3.79,20,2.22,1.64,3.79,6.85,-1.38
META,283,2024-11-06,B,1.55,0.95,572.05,555.1699829101562,2.42,True,2.36,False,2024,576.89,0.85,3.77,stop,-3.77,6,stop,-3.77,6,stop,-3.77,6,0.05,-2.39,8.13,9.17,-4.83
ORCL,283,2024-11-06,A,2.02,0.82,181.24,177.4199981689453,1.89,True,9.5,False,2024,181.08,-0.09,2.02,target,5.0,1,target,8.0,10,time,5.86,20,3.3,6.27,5.86,8.26,-1.09
PH,283,2024-11-06,A,3.28,0.99,709.46,682.7899780273438,1.99,True,14.47,False,2024,708.91,-0.08,3.68,time,-1.8,20,time,-1.8,20,time,-1.8,20,-1.59,-0.88,-1.8,0.5,-3.51
PLTR,283,2024-11-06,A,2.13,0.96,55.53,51.61000061035156,3.88,True,42.12,True,2024,55.82,0.52,7.0,target,7.73,2,target,8.0,2,target,10.0,2,6.02,9.92,36.76,37.62,-4.07
TSLA,283,2024-11-06,A,2.02,0.92,288.53,275.6199951171875,4.65,True,21.71,False,2024,288.89,0.12,4.59,target,5.0,1,target,8.0,1,target,10.0,1,7.72,17.57,34.73,34.82,-1.17
ANET,284,2024-11-07,A,2.08,0.87,107.75,106.15750122070312,2.36,True,12.97,True,2024,101.61,-5.7,-4.47,stop,4.47,0,stop,4.47,0,stop,4.47,0,-7.89,0.0,4.24,8.98,-9.36
ARM,284,2024-11-07,B,2.87,0.74,150.65,139.50999450683594,4.94,True,6.08,True,2024,148.7,-1.29,6.18,stop,-6.18,1,stop,-6.18,1,stop,-6.18,1,-13.43,-8.55,-6.09,0.28,-15.03
GILD,284,2024-11-07,A,2.72,0.91,97.9,93.51000213623047,1.93,True,15.24,True,2024,96.05,-1.89,2.64,stop,-2.64,3,stop,-2.64,3,stop,-2.64,3,-7.96,-6.1,-5.68,2.97,-10.38
PLTR,284,2024-11-07,A,2.21,0.8,55.88,53.54999923706055,4.05,True,41.17,False,2024,55.57,-0.55,3.64,target,5.0,0,target,8.21,1,target,10.0,1,18.36,15.8,30.39,45.6,-0.49
CRM,285,2024-11-08,A,2.23,0.94,321.95,309.44000244140625,2.1,True,15.91,False,2024,325.25,1.03,4.86,target,5.0,0,target,12.78,16,target,12.78,16,-0.92,4.26,7.25,13.45,-2.84
EOG,285,2024-11-08,A,2.23,0.87,134.12,128.1999969482422,2.23,True,7.13,True,2024,133.48,-0.48,3.96,stop,-3.96,18,stop,-3.96,18,stop,-3.96,18,2.29,-1.12,-5.15,3.18,-5.6
FTNT,285,2024-11-08,A,3.67,0.94,92.04,84.26000213623047,2.56,True,16.9,True,2024,92.42,0.41,7.0,target,5.0,0,target,8.0,2,time,5.1,20,-0.58,0.76,5.1,8.84,-2.98
TSLA,285,2024-11-08,A,2.32,0.76,321.22,297.6600036621094,5.02,True,33.18,False,2024,346.3,7.81,7.0,stop,-7.0,3,stop,-7.0,3,stop,-7.0,3,-2.18,-2.23,15.79,18.32,-10.71
CRM,286,2024-11-11,A,3.45,0.84,341.73,325.25,2.36,True,22.25,False,2024,339.29,-0.71,4.14,stop,-4.14,3,stop,-4.14,3,stop,-4.14,3,-4.67,1.15,4.59,8.76,-6.86
ADBE,287,2024-11-12,B,1.67,0.9,526.42,504.2699890136719,2.14,False,2.69,False,2024,523.79,-0.5,3.73,stop,-3.73,2,stop,-3.73,2,stop,-3.73,2,-4.64,-1.93,-9.39,6.51,-10.1
SHOP,288,2024-11-13,A,2.44,0.94,115.09,106.18000030517578,3.85,True,43.19,True,2024,115.29,0.17,7.0,stop,-7.1,1,stop,-7.1,1,stop,-7.1,1,-7.64,0.27,-0.57,4.71,-11.02
PLTR,290,2024-11-15,A,2.37,0.95,65.77,60.90999984741211,5.03,True,52.3,False,2024,64.92,-1.29,6.18,stop,-6.18,0,stop,-6.18,0,stop,-6.18,0,-0.42,9.3,14.59,24.63,-9.35
INTU,292,2024-11-19,B,1.73,0.81,644.17,632.4000244140625,3.19,True,1.55,True,2024,642.09,-0.32,1.51,target,5.0,1,stop,-1.51,4,stop,-1.51,4,-0.92,1.03,-0.8,6.15,-2.44
VRT,292,2024-11-19,A,2.27,0.99,140.94,123.62999725341797,4.46,True,30.93,False,2024,140.6,-0.24,7.0,stop,-7.0,3,stop,-7.0,3,stop,-7.0,3,-9.72,-4.28,-17.89,3.61,-19.78
TJX,293,2024-11-20,B,1.91,0.76,119.74,116.75,1.7,True,2.82,True,2024,119.87,0.11,2.6,target,5.0,3,time,1.78,20,time,1.78,20,4.86,5.19,1.78,6.78,-1.74
SNOW,294,2024-11-21,A,10.15,0.76,171.35,161.16000366210938,4.27,False,43.99,True,2024,175.0,2.13,7.0,target,5.0,7,stop,-7.0,17,stop,-7.0,17,-1.47,3.29,-7.75,6.8,-8.2
AAPL,296,2024-11-25,B,2.06,0.89,232.87,229.74000549316406,1.67,True,2.11,False,2024,233.33,0.2,1.54,target,5.0,8,target,8.0,14,target,10.0,19,4.15,5.64,11.01,11.47,0.0
AZO,297,2024-11-26,B,1.83,0.84,3144.21,3076.43994140625,1.99,True,1.04,False,2024,3124.74,-0.62,1.55,target,5.0,6,target,8.0,8,time,3.74,20,2.09,6.9,3.74,9.34,0.0
WDAY,298,2024-11-27,B,7.21,0.71,253.4,237.17999267578125,3.54,True,1.92,True,2024,254.06,0.26,6.64,target,5.0,3,target,14.78,6,target,14.78,6,4.86,7.72,3.13,15.72,-3.07
CRM,302,2024-12-04,A,3.62,0.91,367.87,356.6499938964844,2.96,True,20.45,True,2024,360.78,-1.93,1.14,stop,-1.14,2,stop,-1.14,2,stop,-1.14,2,-0.76,-6.8,-8.38,1.77,-9.29
MRVL,302,2024-12-04,A,5.84,0.83,118.15,109.56999969482422,4.03,True,40.55,True,2024,116.6,-1.31,6.03,stop,-6.03,2,stop,-6.03,2,stop,-6.03,2,-6.51,-6.42,2.07,8.19,-10.48
GOOGL,306,2024-12-10,A,2.1,0.78,185.17,181.0500030517578,2.31,True,8.91,False,2024,185.31,0.08,2.3,target,5.0,0,target,8.0,4,time,3.08,20,1.67,5.55,3.08,8.69,-0.25
AVGO,307,2024-12-11,A,2.01,0.8,183.2,176.42999267578125,3.37,True,5.47,True,2024,180.93,-1.24,2.49,stop,-2.49,0,stop,-2.49,0,stop,-2.49,0,20.67,33.62,24.19,39.21,-2.73
GOOGL,307,2024-12-11,A,2.42,0.98,195.4,184.85000610351562,2.43,True,14.55,False,2024,195.0,-0.2,5.21,time,-2.74,20,time,-2.74,20,time,-2.74,20,-3.33,-1.15,-2.74,3.29,-5.02
ARM,308,2024-12-12,B,1.71,0.78,148.0,140.6999969482422,3.91,True,3.6,False,2024,151.51,2.37,7.0,stop,-7.0,2,stop,-7.0,2,stop,-7.0,2,-12.78,-16.9,-2.71,3.23,-18.74
AVGO,309,2024-12-13,A,5.22,0.78,224.8,211.11000061035156,4.24,True,28.49,True,2024,231.79,3.11,7.0,target,5.0,0,target,8.0,0,time,-1.03,20,0.24,0.02,-1.03,8.67,-6.13
MRVL,309,2024-12-13,A,2.56,0.84,120.77,115.0999984741211,5.3,True,34.71,False,2024,122.5,1.43,6.04,stop,-6.04,1,stop,-6.04,1,stop,-6.04,1,-7.13,-9.84,-4.02,2.98,-14.79
AVGO,310,2024-12-16,A,3.95,0.91,250.0,230.80999755859375,4.46,True,41.71,False,2024,240.65,-3.74,4.09,stop,-4.09,1,stop,-4.09,1,stop,-4.09,1,-0.4,-3.6,-1.33,2.76,-9.59
AAPL,314,2024-12-20,A,3.28,0.95,254.49,245.69000244140625,1.66,True,8.38,False,2024,254.77,0.11,3.56,stop,-3.56,6,stop,-3.56,6,stop,-3.56,6,-1.71,-4.74,-12.56,2.09,-13.89
BSX,314,2024-12-20,B,3.52,0.7,88.95,87.25,1.69,True,0.81,False,2024,89.27,0.36,2.26,target,8.3,10,target,8.3,10,target,10.0,15,0.06,7.48,14.19,14.43,-1.02
CSCO,314,2024-12-20,B,3.58,0.83,58.52,57.27000045776367,1.38,True,1.76,False,2024,58.13,-0.67,1.48,target,5.0,17,time,7.05,20,time,7.05,20,1.84,1.84,7.05,7.21,-0.02
EMR,314,2024-12-20,B,3.58,0.82,124.09,121.08999633789062,2.19,True,1.26,False,2024,123.8,-0.23,2.19,stop,-2.19,9,stop,-2.19,9,stop,-2.19,9,0.11,-2.83,5.49,6.67,-5.9
GILD,314,2024-12-20,B,3.38,0.72,92.57,90.70999908447266,2.4,True,2.3,False,2024,92.62,0.05,2.06,stop,-2.06,8,stop,-2.06,8,stop,-2.06,8,-0.27,-3.76,0.49,2.08,-4.37
ARM,322,2025-01-03,B,1.56,0.97,141.08,129.51499938964844,5.27,True,1.81,False,2025,142.79,1.21,7.0,target,5.0,0,target,8.0,9,target,12.31,10,-1.91,26.01,21.34,28.08,-5.71
MDT,328,2025-01-14,A,2.11,0.97,85.25,83.11000061035156,1.81,True,1.12,False,2025,83.92,-1.56,0.97,target,5.0,2,target,8.03,7,target,10.0,7,6.35,9.62,9.87,10.92,0.0
ISRG,329,2025-01-15,A,2.56,0.87,580.11,549.1699829101562,2.49,True,8.15,False,2025,582.6,0.43,5.74,target,5.0,3,time,2.22,20,time,2.22,20,0.25,-1.84,2.22,5.73,-3.32
MDT,329,2025-01-15,B,1.82,0.75,85.4,83.91999816894531,1.88,True,1.39,False,2025,85.43,0.04,1.77,target,5.0,5,target,8.0,6,time,8.64,20,5.57,6.31,8.64,8.95,-0.47
EMR,332,2025-01-21,B,1.53,0.97,129.48,125.62999725341797,2.16,True,1.8,False,2025,131.2,1.33,4.25,stop,-4.25,10,stop,-4.25,10,stop,-4.25,10,-1.79,-4.91,-4.92,0.66,-6.73
ETN,332,2025-01-21,B,1.59,0.99,357.63,350.4800109863281,2.21,True,0.63,False,2025,372.27,4.09,5.85,stop,-11.49,3,stop,-11.49,3,stop,-11.49,3,-14.69,-15.32,-17.04,1.54,-19.87
ARM,333,2025-01-22,A,5.96,0.87,179.93,159.9499969482422,4.8,True,29.11,False,2025,170.39,-5.3,6.13,stop,-12.61,2,stop,-12.61,2,stop,-12.61,2,-10.07,-1.71,-15.0,2.09,-16.48
MPWR,333,2025-01-22,A,2.12,0.79,689.42,652.0399780273438,3.91,False,13.28,False,2025,673.94,-2.25,3.25,stop,-3.25,2,stop,-3.25,2,stop,-3.25,2,-5.51,-1.93,-1.91,7.43,-12.37
TXN,334,2025-01-23,A,2.39,1.0,200.61,193.80999755859375,2.53,False,2.54,True,2025,190.0,-5.29,-2.01,stop,2.01,0,stop,2.01,0,stop,2.01,0,-2.84,-5.26,5.65,8.29,-6.97
UNP,334,2025-01-23,A,2.21,0.79,248.05,242.05999755859375,1.9,False,5.82,True,2025,247.48,-0.23,2.19,stop,-2.19,6,stop,-2.19,6,stop,-2.19,6,0.13,-2.18,-2.08,3.78,-4.21
COST,336,2025-01-27,B,1.72,0.96,965.25,927.1799926757812,1.74,True,1.54,False,2025,961.83,-0.35,3.6,target,5.0,5,target,8.0,6,target,10.0,7,6.24,10.03,7.29,12.1,-0.81
CRM,336,2025-01-27,B,3.34,0.73,347.1,330.5,2.7,True,2.92,False,2025,354.77,2.21,6.84,stop,-6.84,7,stop,-6.84,7,stop,-6.84,7,-3.0,-8.56,-13.37,3.47,-15.26
IBM,336,2025-01-27,B,1.53,0.96,224.13,219.83999633789062,1.87,True,0.43,True,2025,224.32,0.08,2.0,target,11.45,2,target,11.45,2,target,11.45,2,17.89,13.54,14.05,18.46,-1.14
META,336,2025-01-27,A,2.46,0.9,659.88,625.0999755859375,3.18,True,9.74,True,2025,666.0,0.93,6.14,target,5.0,2,target,8.0,8,target,10.0,13,5.73,8.08,1.16,11.25,-3.62
MSFT,336,2025-01-27,B,2.03,0.95,434.56,423.5,2.21,True,0.88,True,2025,434.6,0.01,2.55,stop,-3.64,2,stop,-3.64,2,stop,-3.64,2,-5.12,-5.33,-8.02,3.17,-9.28
CRWD,337,2025-01-28,A,2.92,0.93,102.17,93.14250183105469,3.94,True,13.7,False,2025,101.09,-1.06,7.0,target,5.0,7,target,8.0,10,target,10.0,11,3.18,7.49,-5.96,12.67,-8.67
SBUX,337,2025-01-28,A,2.05,0.87,100.41,98.58999633789062,1.73,True,4.36,True,2025,102.7,2.28,4.0,target,5.0,0,target,8.0,4,target,10.0,10,9.3,10.07,11.48,12.66,-0.02
SHOP,337,2025-01-28,A,2.74,0.95,117.45,109.0,3.8,True,7.06,False,2025,116.7,-0.64,6.6,target,5.0,6,target,8.0,11,target,10.0,12,4.31,3.25,-5.03,10.87,-8.31
TSM,337,2025-01-28,B,1.73,0.96,202.4,192.4600067138672,4.9,True,1.15,False,2025,204.49,1.03,5.88,target,5.0,2,stop,-5.88,17,stop,-5.88,17,2.0,0.92,-11.44,5.14,-11.45
ZS,337,2025-01-28,A,2.1,0.95,204.68,189.1999969482422,3.38,True,4.21,False,2025,203.87,-0.4,7.0,target,5.0,11,stop,-7.0,18,stop,-7.0,18,0.55,3.57,-5.81,6.49,-7.28
IBM,338,2025-01-29,A,2.05,0.85,228.63,223.72999572753906,1.9,True,2.15,True,2025,250.0,9.35,7.0,target,5.0,3,time,0.98,20,time,0.98,20,1.38,3.68,0.98,6.29,-1.38
SBUX,338,2025-01-29,A,5.39,0.8,108.58,102.68000030517578,2.12,True,12.65,True,2025,109.0,0.39,5.8,target,5.0,15,time,6.25,20,time,6.25,20,2.48,3.67,6.25,6.5,-3.19
IBM,339,2025-01-30,A,4.15,0.76,258.27,247.00999450683594,2.49,True,14.89,True,2025,256.05,-0.86,3.53,stop,-3.53,6,stop,-3.53,6,stop,-3.53,6,-1.45,2.04,-2.29,3.78,-3.71
WDAY,343,2025-02-05,A,2.67,0.99,276.17,262.1400146484375,2.9,True,5.41,False,2025,276.99,0.3,5.36,stop,-5.36,3,stop,-5.36,3,stop,-5.36,3,-6.09,-7.44,-8.88,2.42,-11.39
UBER,344,2025-02-06,B,1.66,0.99,69.99,65.54000091552734,3.75,False,6.13,True,2025,70.36,0.53,6.85,target,5.0,0,target,8.0,0,target,10.0,1,12.88,8.61,3.84,16.69,-0.33
MPWR,345,2025-02-07,A,2.73,0.92,720.25,677.0,4.82,False,17.03,True,2025,717.1,-0.44,5.59,stop,-5.59,8,stop,-5.59,8,stop,-5.59,8,-3.67,-9.17,-20.46,0.44,-22.22
SHOP,347,2025-02-11,A,5.03,0.79,123.59,114.69999694824219,4.41,True,10.57,True,2025,119.05,-3.67,3.65,target,5.0,1,target,8.43,3,stop,-3.65,7,3.71,-6.9,-23.91,8.68,-25.16
INTC,348,2025-02-12,A,2.05,0.95,22.48,20.93000030517578,3.9,False,10.09,False,2025,22.84,1.6,7.0,target,5.0,0,target,8.0,0,target,10.0,1,8.89,3.9,5.3,20.62,-15.54
PANW,349,2025-02-13,A,2.36,0.92,201.88,195.35000610351562,2.97,True,7.23,True,2025,192.0,-4.89,-1.74,stop,1.74,0,stop,1.74,0,stop,1.74,0,-0.84,-4.33,-3.65,8.54,-10.09
PANW,350,2025-02-14,B,2.38,0.9,200.03,188.75,3.15,True,6.19,True,2025,197.7,-1.16,4.53,target,5.0,0,stop,-4.53,4,stop,-4.53,4,-4.9,-6.74,-7.38,5.41,-12.69
INTC,351,2025-02-18,A,2.73,0.95,27.39,24.489999771118164,4.84,False,33.52,False,2025,25.98,-5.15,5.74,stop,-5.74,1,stop,-5.74,1,stop,-5.74,1,-9.47,-19.9,-7.16,1.66,-25.75
ADI,352,2025-02-19,A,2.62,0.95,241.66,224.10000610351562,2.74,False,12.65,True,2025,243.54,0.78,7.0,stop,-7.0,5,stop,-7.0,5,stop,-7.0,5,-8.08,-8.53,-15.46,1.46,-16.81
WMT,356,2025-02-25,B,1.56,0.94,97.69,94.23999786376953,2.47,True,2.06,False,2025,97.7,0.01,3.54,stop,-3.54,6,stop,-3.54,6,stop,-3.54,6,-1.76,-12.79,-12.78,1.83,-14.16
ABBV,359,2025-02-28,A,2.27,0.89,209.03,204.41000366210938,1.8,True,13.76,False,2025,209.98,0.45,2.65,stop,-2.65,16,stop,-2.65,16,stop,-2.65,16,3.18,2.14,-0.22,4.13,-6.42
ISRG,359,2025-02-28,B,1.66,0.95,573.15,556.75,2.6,True,1.04,False,2025,573.78,0.11,2.97,stop,-2.97,1,stop,-2.97,1,stop,-2.97,1,-15.89,-14.81,-13.68,1.94,-17.33
PH,359,2025-02-28,B,1.75,0.9,668.51,651.9400024414062,2.6,True,0.43,False,2025,674.35,0.87,3.32,stop,-3.32,0,stop,-3.32,0,stop,-3.32,0,-10.05,-7.83,-9.86,0.54,-13.84
ZS,359,2025-02-28,B,1.72,0.95,196.23,191.0,3.83,True,0.24,False,2025,198.4,1.11,3.73,stop,-3.73,0,stop,-3.73,0,stop,-3.73,0,-1.87,2.14,0.01,9.07,-7.34
CRWD,361,2025-03-04,B,2.32,0.77,97.54,92.6449966430664,5.33,True,1.04,True,2025,90.42,-7.3,-2.46,stop,2.46,0,stop,2.46,0,stop,2.46,0,-4.13,3.7,2.71,8.57,-16.01
ZS,362,2025-03-05,B,2.1,0.89,196.45,189.55999755859375,4.32,True,0.47,True,2025,200.71,2.17,5.56,target,5.0,0,stop,-5.56,5,stop,-5.56,5,-5.55,1.41,-4.23,7.81,-7.0
ZS,364,2025-03-07,B,2.12,0.97,208.76,198.0,4.54,True,6.33,True,2025,203.47,-2.53,2.69,stop,-2.69,0,stop,-2.69,0,stop,-2.69,0,-0.4,3.15,-11.51,6.35,-19.02
LIN,374,2025-03-21,B,1.93,0.97,458.33,449.3800048828125,1.77,False,1.45,False,2025,457.12,-0.26,1.69,stop,-1.69,9,stop,-1.69,9,stop,-1.69,9,1.86,-6.84,-0.55,3.26,-10.6
ZS,387,2025-04-09,B,1.82,0.96,202.12,177.27499389648438,6.05,True,0.36,False,2025,195.63,-3.21,7.0,target,5.0,4,target,8.0,9,target,10.0,10,2.79,10.2,19.13,20.47,-3.25
NOW,397,2025-04-24,A,2.94,0.88,187.71,179.66600036621094,5.86,False,10.1,True,2025,188.8,0.58,4.84,target,5.0,6,target,8.37,12,target,10.0,12,3.53,3.82,6.4,10.81,-2.5
SYK,403,2025-05-02,B,1.85,0.93,378.22,363.0799865722656,2.54,True,2.6,True,2025,377.85,-0.1,3.91,time,0.84,20,time,0.84,20,time,0.84,20,2.71,4.46,0.84,4.52,-1.74
WMT,412,2025-05-15,B,2.63,0.92,96.35,91.88999938964844,1.97,True,5.67,True,2025,96.14,-0.22,4.42,time,-1.92,20,time,-1.92,20,time,-1.92,20,0.21,3.78,-1.92,4.94,-2.82
SNOW,417,2025-05-22,A,6.65,0.93,203.18,191.99000549316406,2.94,True,27.75,True,2025,198.51,-2.3,3.28,target,5.0,2,target,8.0,7,target,10.57,20,5.88,6.22,12.41,13.15,-0.41
INTU,419,2025-05-27,A,2.44,1.0,751.96,722.4500122070312,2.36,False,21.03,False,2025,752.0,0.01,3.93,time,2.77,20,time,2.77,20,time,2.77,20,1.97,1.7,2.77,2.85,-0.69
COST,422,2025-05-30,A,2.92,0.76,1040.18,1002.0,1.91,True,6.21,True,2025,1034.27,-0.57,3.12,stop,-3.12,5,stop,-3.12,5,stop,-3.12,5,-2.72,-4.83,-4.67,3.17,-5.84
ORCL,422,2025-05-30,A,2.25,0.95,165.53,161.5500030517578,2.43,False,13.46,False,2025,164.17,-0.82,1.6,target,5.99,4,target,8.0,5,target,15.71,8,7.91,28.59,33.37,39.01,-0.96
ZS,422,2025-05-30,A,4.08,0.94,275.7,262.6099853515625,2.7,True,24.95,True,2025,276.62,0.33,5.06,target,5.0,0,target,8.0,2,target,10.0,4,8.42,10.27,11.1,14.69,-0.1
ZS,423,2025-06-02,A,2.1,0.98,293.18,276.3500061035156,2.77,True,31.8,False,2025,292.72,-0.16,5.59,target,5.0,9,target,8.0,15,time,5.67,20,1.79,4.98,5.67,8.38,-0.85
CRWD,424,2025-06-03,A,2.18,0.82,122.19,119.36250305175781,3.04,True,19.76,True,2025,113.69,-6.96,-4.99,stop,4.99,0,stop,4.99,0,stop,4.99,0,4.89,6.69,13.05,13.9,-2.09
ON,424,2025-06-03,A,2.45,0.97,47.37,41.880001068115234,3.93,False,17.68,False,2025,48.34,2.05,7.0,target,5.0,0,target,8.0,3,target,10.0,4,7.12,8.11,17.09,18.18,-1.28
ON,425,2025-06-04,A,2.86,0.76,50.28,47.720001220703125,4.04,False,24.63,False,2025,50.52,0.48,5.54,target,5.0,3,target,8.0,8,target,10.0,18,4.87,4.55,8.1,13.08,-3.13
INTC,429,2025-06-10,B,2.39,0.83,22.08,20.280000686645508,3.42,False,7.37,False,2025,21.78,-1.36,6.89,stop,-6.89,2,stop,-6.89,2,stop,-6.89,2,-1.33,3.31,7.58,10.38,-7.71
ORCL,431,2025-06-12,A,6.14,0.81,199.86,188.8800048828125,2.73,False,32.45,True,2025,201.58,0.86,6.3,target,5.0,0,target,12.36,10,target,12.36,10,2.71,8.46,16.56,19.77,-0.19
EOG,432,2025-06-13,A,2.39,0.82,125.28,122.5,2.46,False,11.76,False,2025,123.39,-1.51,0.72,stop,-0.72,0,stop,-0.72,0,stop,-0.72,0,-2.2,-1.78,-3.72,3.58,-4.61
ORCL,432,2025-06-13,A,4.78,0.91,215.22,201.1999969482422,2.99,False,41.33,True,2025,213.2,-0.94,5.63,target,6.24,9,target,8.0,11,target,10.0,12,0.97,2.7,13.18,13.25,-5.0
AMD,433,2025-06-16,A,2.79,0.83,126.39,117.77999877929688,3.57,False,20.89,False,2025,127.93,1.22,7.0,target,5.0,4,target,8.0,4,target,10.17,5,12.09,8.28,25.39,26.6,-1.69
SYK,438,2025-06-24,B,1.59,0.84,386.46,377.6400146484375,1.41,True,2.98,False,2025,385.27,-0.31,1.98,target,5.0,19,time,2.96,20,time,2.96,20,1.7,2.47,2.96,5.09,-0.02
AMZN,441,2025-06-27,A,3.06,1.0,223.3,216.74000549316406,2.17,False,11.12,False,2025,223.52,0.1,3.03,target,5.0,17,time,3.35,20,time,3.35,20,-1.86,1.27,3.35,5.58,-2.5
BSX,441,2025-06-27,A,2.0,0.79,106.53,104.62000274658203,1.63,True,3.98,False,2025,106.5,-0.03,1.77,stop,-1.77,1,stop,-1.77,1,stop,-1.77,1,-3.84,-2.84,-0.03,2.29,-4.64
GILD,441,2025-06-27,B,2.24,0.74,110.67,106.83999633789062,2.69,True,4.14,False,2025,110.61,-0.05,3.41,target,5.0,18,time,3.27,20,time,3.27,20,0.41,-1.4,3.27,6.32,-2.59
UNP,441,2025-06-27,A,2.36,0.9,231.41,229.07000732421875,1.3,False,4.25,False,2025,230.94,-0.2,0.81,stop,-1.49,12,stop,-1.49,12,stop,-1.49,12,2.42,0.09,-3.1,4.24,-5.11
JNJ,453,2025-07-16,A,2.68,0.79,164.78,159.8000030517578,1.73,False,6.92,True,2025,163.18,-0.97,2.07,target,5.0,13,time,7.07,20,time,7.07,20,3.91,0.96,7.07,7.68,-0.54
PEP,454,2025-07-17,A,2.38,0.88,145.44,141.63999938964844,2.04,False,10.21,True,2025,146.26,0.56,3.16,stop,-3.16,1,stop,-3.16,1,stop,-3.16,1,-1.92,-4.77,2.83,3.31,-5.89
DELL,455,2025-07-18,A,2.19,0.9,131.24,124.83000183105469,2.68,True,13.13,False,2025,130.62,-0.47,4.43,stop,-4.43,1,stop,-4.43,1,stop,-4.43,1,2.48,-0.3,5.75,8.8,-5.7
CDNS,462,2025-07-29,A,2.87,0.75,366.26,353.0,2.51,True,17.76,True,2025,367.49,0.34,3.94,stop,-3.94,6,stop,-3.94,6,stop,-3.94,6,-1.99,-5.0,-5.61,2.44,-7.58
AMAT,464,2025-07-31,B,1.92,0.8,180.06,174.50999450683594,2.91,True,0.68,False,2025,176.6,-1.92,1.18,target,5.0,4,target,8.0,8,stop,-7.87,10,4.68,-8.4,-8.97,8.23,-10.57
LRCX,464,2025-07-31,B,2.95,0.83,94.84,90.94000244140625,3.18,True,1.74,True,2025,92.71,-2.25,1.91,target,5.09,1,target,8.0,4,target,10.0,5,9.75,7.33,8.03,16.51,-0.26
KLAC,465,2025-08-01,B,1.58,0.81,88.66,85.52799987792969,3.28,True,1.84,True,2025,89.68,1.14,4.62,target,5.0,7,stop,-5.68,20,stop,-5.68,20,1.5,-1.49,-5.62,6.97,-6.69
LRCX,465,2025-08-01,B,1.63,0.93,96.37,92.47000122070312,3.22,True,3.11,True,2025,97.43,1.1,5.09,target,6.64,5,target,8.0,6,target,10.0,7,4.69,1.49,-0.41,10.87,-3.41
MPWR,465,2025-08-01,A,2.9,0.81,785.62,711.4600219726562,3.7,True,10.12,True,2025,791.42,0.74,7.0,target,5.0,0,target,8.0,7,target,10.0,18,0.77,7.44,4.07,10.57,-2.18
MPWR,466,2025-08-04,A,2.34,0.97,830.63,778.9000244140625,3.63,True,15.93,False,2025,830.0,-0.08,6.16,stop,-6.16,0,stop,-6.16,0,stop,-6.16,0,1.27,1.78,-0.29,5.43,-6.73
ANET,468,2025-08-06,A,2.78,0.87,138.78,133.56500244140625,3.5,True,34.32,True,2025,139.08,0.22,3.97,stop,-3.97,5,stop,-3.97,5,stop,-3.97,5,-1.87,-5.07,2.71,4.59,-8.27
SHOP,468,2025-08-06,A,4.93,0.87,154.9,145.11000061035156,3.96,True,34.03,True,2025,154.46,-0.28,6.05,stop,-6.05,5,stop,-6.05,5,stop,-6.05,5,-6.6,-11.51,-4.95,1.55,-13.63
UBER,469,2025-08-07,B,1.6,0.98,92.67,89.16000366210938,2.84,True,3.84,True,2025,92.96,0.31,4.09,stop,-4.09,0,stop,-4.09,0,stop,-4.09,0,-0.39,4.12,1.51,4.93,-4.43
AAPL,470,2025-08-08,A,2.01,0.86,229.35,219.25,2.36,False,10.98,False,2025,227.92,-0.62,3.8,target,5.0,17,time,2.82,20,time,2.82,20,1.3,-0.33,2.82,5.88,-1.82
MDT,477,2025-08-19,B,2.91,0.91,89.9,87.5,1.88,True,0.49,True,2025,90.36,0.51,3.17,target,5.0,16,time,5.79,20,time,5.79,20,1.87,2.76,5.79,5.84,-0.08
ADI,478,2025-08-20,A,2.4,0.97,244.87,228.11000061035156,2.43,True,4.75,True,2025,244.0,-0.36,6.51,target,5.0,1,time,0.55,20,time,0.55,20,4.2,1.26,0.55,5.79,-2.14
MDT,478,2025-08-20,B,1.8,0.71,93.22,90.29000091552734,2.04,True,4.07,True,2025,93.32,0.11,3.25,time,1.89,20,time,1.89,20,time,1.89,20,-1.46,-0.45,1.89,2.78,-2.45
PLTR,478,2025-08-20,B,3.35,0.97,156.01,142.33999633789062,5.66,True,2.19,False,2025,157.17,0.74,7.0,target,5.62,13,target,8.0,15,target,10.0,19,0.6,-2.58,16.05,17.34,-5.81
GOOGL,487,2025-09-03,A,3.45,0.9,230.66,224.7899932861328,2.46,True,19.88,False,2025,229.65,-0.44,2.12,target,5.0,4,target,8.0,7,target,10.0,8,4.67,9.75,6.98,11.47,-1.54
GILD,490,2025-09-08,B,2.88,0.87,115.88,113.81999969482422,1.92,True,1.97,False,2025,115.88,0.0,1.78,stop,-1.91,4,stop,-1.91,4,stop,-1.91,4,-4.33,-1.28,0.78,1.92,-6.4
LIN,491,2025-09-09,B,1.87,0.74,473.44,470.3800048828125,1.21,True,0.24,False,2025,472.93,-0.11,0.54,stop,-0.54,0,stop,-0.54,0,stop,-0.54,0,1.47,0.25,-1.08,2.43,-2.56
ORCL,491,2025-09-09,B,3.75,0.78,241.51,234.55999755859375,2.95,True,0.77,True,2025,319.19,32.16,7.0,target,5.0,0,target,8.0,0,stop,-7.0,2,-5.57,-3.36,-9.57,8.31,-15.1
ANET,492,2025-09-10,A,2.66,0.85,150.72,144.89999389648438,2.99,True,21.25,False,2025,151.99,0.84,4.66,stop,-4.66,1,stop,-4.66,1,stop,-4.66,1,-3.51,-5.88,4.11,5.14,-8.88
ARM,492,2025-09-10,A,3.18,0.97,154.14,142.8000030517578,3.25,True,5.95,False,2025,152.85,-0.84,6.58,stop,-6.58,5,stop,-6.58,5,stop,-6.58,5,-4.13,-7.98,11.65,12.44,-9.96
AVGO,492,2025-09-10,A,2.14,0.85,369.57,350.54998779296875,4.07,True,24.78,False,2025,371.18,0.44,5.56,stop,-5.56,4,stop,-5.56,4,stop,-5.56,4,-6.96,-9.45,-7.05,0.82,-12.58
CDNS,493,2025-09-11,B,2.32,0.84,354.7,338.8999938964844,2.84,True,3.83,False,2025,353.47,-0.35,4.12,target,5.0,5,stop,-4.12,20,stop,-4.12,20,5.62,-0.95,-7.49,5.89,-7.81
ETN,494,2025-09-12,B,1.61,0.8,365.9,358.7799987792969,2.1,True,0.98,False,2025,370.02,1.13,3.04,time,1.45,20,time,1.45,20,time,1.45,20,2.24,-0.78,1.45,4.76,-2.9
TSLA,494,2025-09-12,A,2.23,0.97,395.94,370.239990234375,3.38,False,20.52,False,2025,423.13,6.87,7.0,target,5.0,5,target,8.0,12,target,11.2,13,2.62,4.75,3.02,11.25,-4.89
ASML,495,2025-09-15,A,2.09,0.96,867.3,833.9199829101562,2.29,True,15.29,False,2025,879.94,1.46,5.23,target,5.54,2,target,9.2,4,target,10.0,5,9.5,10.02,11.73,20.35,-2.13
AMAT,498,2025-09-18,A,2.23,0.77,189.76,183.8300018310547,2.53,True,7.09,False,2025,190.82,0.56,3.66,target,5.0,1,target,8.13,6,target,10.0,6,6.87,14.0,17.91,21.62,-1.13
CRWD,498,2025-09-18,A,2.94,0.96,125.66,115.52999877929688,3.41,True,13.27,False,2025,124.75,-0.72,7.0,time,-2.88,20,time,-2.88,20,time,-2.88,20,-3.52,-1.83,-2.88,3.69,-6.01
AAPL,499,2025-09-19,A,3.33,0.87,245.5,240.2100067138672,2.08,True,9.63,False,2025,248.3,1.14,3.26,target,5.0,20,time,5.61,20,time,5.61,20,2.47,3.38,5.61,6.48,-1.73
CDNS,499,2025-09-19,A,3.02,0.89,373.35,365.5199890136719,3.2,True,8.01,False,2025,370.0,-0.9,1.21,stop,-1.21,0,stop,-1.21,0,stop,-1.21,0,-5.81,-4.5,-10.91,1.05,-14.05
JNJ,499,2025-09-19,B,3.44,0.75,176.19,173.3300018310547,1.38,True,2.19,False,2025,176.09,-0.06,1.57,target,5.0,6,target,8.0,12,target,10.0,16,3.14,6.85,10.01,10.44,-1.12
LIN,499,2025-09-19,B,2.17,0.73,479.01,474.0,1.47,True,1.24,False,2025,476.98,-0.42,0.62,stop,-0.62,2,stop,-0.62,2,stop,-0.62,2,-0.1,-1.77,-5.33,1.26,-7.55
MSFT,499,2025-09-19,A,2.62,0.85,517.93,510.30999755859375,1.56,True,1.23,False,2025,515.59,-0.45,1.02,stop,-1.02,1,stop,-1.02,1,stop,-1.02,1,-0.19,2.52,0.23,2.99,-2.05
AZO,501,2025-09-23,B,2.18,0.72,4120.0,3969.590087890625,2.09,True,1.97,True,2025,4109.72,-0.25,3.41,target,5.0,4,stop,-3.41,11,stop,-3.41,11,3.36,-1.99,-2.74,5.43,-4.7
IBM,503,2025-09-25,A,2.64,0.79,281.44,271.1499938964844,2.24,True,10.43,False,2025,280.51,-0.33,3.34,target,5.36,7,stop,-5.55,19,stop,-5.55,19,2.8,-0.96,9.61,10.78,-6.04
INTC,503,2025-09-25,A,2.85,0.91,33.99,31.209999084472656,4.76,True,42.26,False,2025,35.02,3.03,7.0,target,5.0,4,target,8.37,5,target,10.0,6,5.17,3.85,9.31,17.42,-5.71
SHOP,505,2025-09-29,B,2.39,0.93,149.0,140.91000366210938,3.59,True,6.31,False,2025,147.99,-0.68,4.78,target,5.0,3,target,8.0,3,target,12.54,4,8.98,3.3,20.93,21.36,-1.91
ABBV,507,2025-10-01,A,2.2,0.97,244.38,232.0,1.88,True,17.15,False,2025,240.89,-1.43,3.69,stop,-3.81,2,stop,-3.81,2,stop,-3.81,2,-4.23,-5.82,-5.27,0.74,-6.99
AMGN,507,2025-10-01,B,1.78,0.83,298.5,283.0,2.49,True,3.59,False,2025,298.31,-0.06,5.13,time,-2.12,20,time,-2.12,20,time,-2.12,20,-0.97,-0.84,-2.12,1.86,-3.37
ARM,507,2025-10-01,B,1.73,0.9,150.38,142.36000061035156,3.57,True,4.57,False,2025,150.85,0.31,5.63,target,5.0,2,target,8.0,4,target,10.0,4,13.13,13.48,9.68,21.42,-0.95
DELL,507,2025-10-01,A,2.12,1.0,149.68,140.39999389648438,3.0,True,13.93,False,2025,150.49,0.54,6.7,target,5.0,4,target,8.0,4,target,10.0,4,3.63,0.54,6.99,11.6,-6.7
DHR,507,2025-10-01,A,2.6,0.98,212.88,198.6300048828125,2.63,False,6.63,False,2025,210.94,-0.91,5.84,target,5.95,13,target,8.0,13,target,10.0,13,-3.06,-0.01,1.95,11.4,-4.17
LLY,507,2025-10-01,A,2.9,0.89,825.42,763.2999877929688,2.68,False,12.27,False,2025,814.36,-1.34,6.27,target,5.0,2,time,3.7,20,time,3.7,20,5.03,0.62,3.7,6.14,-3.75
MRK,507,2025-10-01,A,2.56,0.89,90.13,85.19000244140625,2.35,False,9.04,False,2025,89.95,-0.2,5.29,stop,-5.29,8,stop,-5.29,8,stop,-5.29,8,-2.72,-6.7,-4.08,1.17,-7.55
SHOP,509,2025-10-03,A,2.23,0.86,161.14,152.5,3.72,True,13.13,False,2025,166.55,3.36,7.0,stop,-7.0,4,stop,-7.0,4,stop,-7.0,4,-7.74,-1.1,3.84,9.39,-12.84
AMD,512,2025-10-08,A,2.77,0.99,235.56,210.6999969482422,4.87,True,39.65,False,2025,236.3,0.31,7.0,stop,-7.0,1,stop,-7.0,1,stop,-7.0,1,-0.74,-0.55,0.59,13.03,-9.78
DELL,512,2025-10-08,A,2.52,0.87,164.53,154.0,4.16,True,23.44,False,2025,164.32,-0.13,6.28,stop,-6.28,1,stop,-6.28,1,stop,-6.28,1,-7.92,-6.14,-9.21,2.29,-11.7
PEP,513,2025-10-09,B,1.95,1.0,144.71,138.58999633789062,1.62,True,0.42,True,2025,145.63,0.64,4.83,target,5.0,4,time,-1.84,20,time,-1.84,20,5.55,4.07,-1.84,6.56,-2.97
PEP,514,2025-10-10,A,2.36,0.87,150.08,145.0,1.77,True,3.97,True,2025,148.65,-0.95,2.46,stop,-2.46,12,stop,-2.46,12,stop,-2.46,12,3.36,2.68,-4.06,4.4,-4.97
ARM,515,2025-10-13,A,2.1,0.83,171.94,157.0,4.71,True,19.03,False,2025,171.6,-0.2,7.0,target,5.0,0,stop,-7.49,16,stop,-7.49,16,-1.29,0.87,-12.74,6.74,-14.75
KO,521,2025-10-21,A,2.31,0.85,71.22,70.2300033569336,1.49,False,4.98,True,2025,71.36,0.2,1.58,stop,-1.58,1,stop,-1.58,1,stop,-1.58,1,-4.22,-3.99,-0.35,0.74,-5.18
IBM,523,2025-10-23,B,3.12,0.97,285.0,263.55999755859375,3.0,True,7.67,True,2025,283.77,-0.43,7.0,target,5.0,0,target,8.0,0,target,10.0,1,8.33,7.97,4.82,14.49,-0.55
IBM,524,2025-10-24,A,3.02,0.88,307.46,282.2099914550781,3.36,True,15.54,True,2025,307.8,0.11,7.0,target,5.0,12,time,-1.2,20,time,-1.2,20,-1.0,0.43,-1.2,5.56,-6.41
MRK,528,2025-10-30,B,1.67,0.74,86.28,83.30000305175781,1.93,True,1.94,True,2025,85.42,-1.0,2.48,stop,-2.48,1,stop,-2.48,1,stop,-2.48,1,1.01,8.78,19.21,23.91,-3.99
ETN,531,2025-11-04,B,3.57,0.84,377.72,352.1000061035156,3.39,True,2.44,True,2025,377.61,-0.03,6.76,stop,-7.31,7,stop,-7.31,7,stop,-7.31,7,-2.17,-8.46,-10.24,4.38,-15.2
AMGN,532,2025-11-05,A,2.59,0.85,319.86,302.1300048828125,2.29,False,10.8,True,2025,319.1,-0.24,5.32,target,5.0,3,target,8.0,5,time,3.38,20,5.3,5.32,3.38,8.55,-2.06
ABBV,537,2025-11-12,B,1.6,0.91,233.23,225.2899932861328,2.25,True,4.1,False,2025,233.74,0.22,3.62,stop,-3.62,11,stop,-3.62,11,stop,-3.62,11,-1.84,-2.58,-4.46,2.37,-5.78
AMAT,539,2025-11-14,B,2.17,0.99,226.01,203.39999389648438,4.05,True,6.47,True,2025,224.2,-0.8,7.0,target,5.0,2,target,8.0,6,target,10.0,7,2.99,18.35,15.45,23.15,-3.88
MRK,541,2025-11-18,A,2.4,0.78,96.43,92.11000061035156,3.01,True,12.59,False,2025,96.0,-0.45,4.05,target,5.0,3,target,8.0,4,target,10.0,4,8.99,5.09,4.89,10.25,-2.19
WMT,543,2025-11-20,B,3.28,0.85,107.11,102.68000030517578,1.94,True,3.49,True,2025,107.98,0.81,4.91,target,5.0,7,target,8.0,14,time,4.28,20,3.29,5.17,4.28,8.77,-3.91
SLB,544,2025-11-21,B,1.51,0.92,36.19,34.650001525878906,3.33,False,3.32,False,2025,36.0,-0.53,3.75,target,5.0,7,target,8.0,8,target,10.0,11,1.0,6.39,6.11,13.56,-2.75
ADI,545,2025-11-24,B,2.33,0.82,239.4,233.25,2.99,True,0.3,True,2025,230.6,-3.68,-1.15,stop,1.15,0,stop,1.15,0,stop,1.15,0,20.66,22.1,20.36,23.26,-0.57
AVGO,545,2025-11-24,B,2.27,0.88,377.96,347.6600036621094,4.71,True,8.48,False,2025,384.93,1.84,7.0,target,5.0,8,stop,-7.0,12,stop,-7.0,12,-1.12,7.28,-9.02,7.71,-16.5
GOOGL,545,2025-11-24,A,2.06,0.91,318.58,309.6000061035156,3.76,True,20.8,False,2025,326.21,2.4,5.09,stop,-5.09,11,stop,-5.09,11,stop,-5.09,11,-2.02,-1.84,-3.72,0.8,-9.22
LRCX,545,2025-11-24,B,2.07,0.73,150.38,144.42999267578125,5.6,True,3.86,False,2025,149.55,-0.55,3.42,target,5.0,4,target,8.31,8,target,10.0,8,6.82,12.51,18.58,18.73,-2.71
ADI,546,2025-11-25,B,1.99,0.98,252.02,229.2899932861328,3.24,True,5.52,True,2025,255.22,1.27,7.0,target,5.0,2,target,8.0,4,target,10.0,6,8.64,11.04,8.47,11.37,-0.9
INTC,550,2025-12-02,A,2.15,0.94,43.47,40.04999923706055,4.47,True,17.48,False,2025,43.39,-0.18,7.0,stop,-7.0,1,stop,-7.0,1,stop,-7.0,1,-6.02,-16.92,-9.24,1.45,-19.45
NXPI,550,2025-12-02,A,2.32,0.88,215.35,199.49000549316406,3.11,True,1.98,False,2025,217.84,1.16,7.0,target,5.0,0,time,1.58,20,time,1.58,20,5.94,2.47,1.58,7.85,-1.23
CRWD,551,2025-12-03,B,2.47,0.98,131.04,121.57499694824219,4.13,True,2.16,True,2025,130.98,-0.05,7.0,stop,-7.14,8,stop,-7.14,8,stop,-7.14,8,-1.19,-8.9,-12.86,1.14,-14.21
ADBE,553,2025-12-05,A,2.18,0.88,346.26,329.7099914550781,2.58,False,2.64,False,2025,347.45,0.34,5.11,stop,-5.11,18,stop,-5.11,18,stop,-5.11,18,1.06,2.9,-2.69,4.39,-5.76
PEP,556,2025-12-10,B,2.61,0.97,149.7,147.0,1.67,True,1.91,False,2025,150.15,0.3,2.1,stop,-2.1,7,stop,-2.1,7,stop,-2.1,7,-0.52,-4.24,-5.85,1.47,-9.42
VRT,557,2025-12-11,B,1.62,0.97,178.66,167.17999267578125,5.24,True,1.01,False,2025,173.3,-3.0,3.53,stop,-3.53,0,stop,-3.53,0,stop,-3.53,0,-7.78,-4.43,-0.33,5.74,-14.7
AAPL,563,2025-12-19,B,3.32,0.8,273.67,269.8999938964844,1.68,True,1.54,False,2025,272.86,-0.3,1.08,stop,-1.08,1,stop,-1.08,1,stop,-1.08,1,0.08,-4.59,-8.98,1.83,-10.79
EMR,563,2025-12-19,B,2.61,0.84,132.98,131.4499969482422,2.22,True,0.52,False,2025,134.2,0.92,2.05,target,5.0,8,target,8.0,9,target,10.0,15,0.81,5.92,11.97,13.07,-1.15
LRCX,563,2025-12-19,A,3.62,0.83,172.27,166.0800018310547,4.25,True,11.59,False,2025,175.68,1.98,5.46,target,5.0,7,target,8.22,8,target,10.0,8,-1.08,15.6,25.63,34.39,-2.8
MU,563,2025-12-19,A,2.37,0.85,265.92,251.75,5.72,True,16.96,True,2025,277.15,4.22,7.0,target,5.0,4,target,8.0,7,target,10.0,7,5.59,22.51,43.45,43.53,-3.2
ASML,571,2026-01-02,A,2.37,0.77,1163.78,1133.47998046875,2.52,True,10.17,False,2026,1211.22,4.08,6.42,target,5.0,4,target,11.76,8,target,11.76,8,5.78,9.48,15.25,23.3,-2.91
EMR,572,2026-01-05,A,2.4,0.76,142.85,138.0,2.02,True,7.02,False,2026,142.45,-0.28,3.12,target,5.31,7,target,8.0,19,target,11.95,20,2.74,5.0,10.44,12.41,-0.73
ISRG,573,2026-01-06,B,1.77,0.94,592.85,564.3499755859375,1.68,True,5.64,False,2026,592.89,0.01,4.81,stop,-4.81,4,stop,-4.81,4,stop,-4.81,4,-7.78,-11.31,-19.66,1.85,-21.45
TXN,573,2026-01-06,A,2.17,0.94,192.1,180.08999633789062,2.18,False,13.09,False,2026,188.47,-1.89,4.45,target,5.0,10,target,8.17,14,target,10.0,14,2.64,3.46,18.84,21.41,-3.14
ABBV,574,2026-01-07,B,1.85,0.71,233.42,224.74000549316406,2.03,True,3.05,False,2026,231.13,-0.98,2.76,stop,-2.76,0,stop,-2.76,0,stop,-2.76,0,-6.22,-5.14,-3.33,0.18,-11.62
INTC,576,2026-01-09,A,2.59,0.96,45.55,41.56999969482422,4.38,True,18.95,False,2026,44.24,-2.88,6.04,target,5.0,1,target,8.0,1,target,10.65,2,9.76,-0.7,6.53,23.42,-4.43
SCCO,576,2026-01-09,A,2.3,0.94,165.51,157.19740295410156,3.25,True,21.71,False,2026,167.8,1.38,6.32,target,5.0,3,target,8.0,6,target,10.0,6,7.73,12.7,15.97,26.57,-0.2
JNJ,577,2026-01-12,B,1.56,0.97,209.72,203.85000610351562,1.49,True,3.75,False,2026,209.91,0.09,2.89,target,5.0,6,target,8.0,10,target,10.0,13,3.86,8.48,14.74,14.93,-0.5
MDT,579,2026-01-14,B,1.63,0.99,98.74,95.83000183105469,1.71,True,0.56,False,2026,98.38,-0.36,2.59,stop,-2.59,2,stop,-2.59,2,stop,-2.59,2,2.54,4.66,1.13,7.24,-2.73
GILD,581,2026-01-16,B,1.7,0.93,124.91,122.0999984741211,2.58,True,1.44,False,2026,123.8,-0.89,1.37,target,5.0,2,target,8.0,3,target,10.0,3,13.87,15.74,23.38,27.05,-1.23
IBM,581,2026-01-16,B,1.59,0.73,305.67,300.7799987792969,2.77,True,0.59,False,2026,301.35,-1.41,0.19,stop,-0.19,0,stop,-0.19,0,stop,-0.19,0,-2.49,-2.34,-13.46,6.16,-15.5
AMGN,583,2026-01-21,B,1.5,0.97,343.6,329.32000732421875,2.49,True,3.68,False,2026,344.15,0.16,4.31,target,5.0,9,target,8.0,10,target,10.0,11,-0.35,6.87,8.89,11.9,-1.77
INTC,583,2026-01-21,A,2.21,0.96,54.25,50.150001525878906,5.58,True,37.05,True,2026,54.21,-0.07,7.0,stop,-13.56,1,stop,-13.56,1,stop,-13.56,1,-10.24,-11.01,-18.63,0.72,-22.01
SBUX,583,2026-01-21,A,2.03,0.97,96.43,93.7300033569336,2.64,False,11.51,False,2026,96.47,0.04,2.84,target,6.04,4,target,8.0,4,stop,-2.84,5,-2.68,-0.41,1.06,8.66,-6.06
VRTX,583,2026-01-21,B,1.61,0.84,461.14,439.9100036621094,2.86,True,3.43,False,2026,463.74,0.56,5.14,target,5.0,16,target,8.0,16,time,2.84,20,2.57,-1.06,2.84,8.66,-2.01
GILD,585,2026-01-23,A,2.27,0.93,135.93,131.0,3.11,True,9.73,False,2026,135.88,-0.04,3.59,target,5.0,5,target,8.0,8,target,10.0,8,5.16,11.63,8.65,15.76,-1.61
TXN,588,2026-01-28,A,2.76,0.97,216.17,203.72000122070312,2.75,False,20.74,True,2026,216.4,0.11,5.86,target,5.0,3,time,-1.98,20,time,-1.98,20,3.5,3.05,-1.98,6.89,-3.77
META,589,2026-01-29,A,4.01,0.82,738.31,712.5499877929688,2.92,False,14.36,True,2026,727.5,-1.46,2.05,stop,-2.05,1,stop,-2.05,1,stop,-2.05,1,-9.08,-12.06,-10.16,0.64,-13.66
UNP,591,2026-02-02,B,1.6,0.9,235.23,230.72999572753906,2.22,True,1.52,False,2026,234.81,-0.18,1.74,target,5.0,1,target,8.0,4,target,10.0,5,11.29,12.86,13.58,14.19,-0.34
PEP,592,2026-02-03,A,2.17,0.93,162.85,155.5,1.96,True,11.15,True,2026,164.89,1.25,5.69,time,-2.54,20,time,-2.54,20,time,-2.54,20,2.58,-0.18,-2.54,4.0,-2.87
AMGN,593,2026-02-04,A,2.07,0.9,366.2,342.3800048828125,2.76,True,9.74,True,2026,365.73,-0.13,6.38,target,5.0,1,time,1.04,20,time,1.04,20,0.13,2.47,1.04,6.99,-1.29
LLY,593,2026-02-04,B,2.34,0.86,1107.12,1065.0,3.52,True,4.89,True,2026,1065.5,-3.76,0.05,stop,-0.05,0,stop,-0.05,0,stop,-0.05,0,-2.56,-5.25,-7.05,3.89,-9.38
NXPI,593,2026-02-04,B,1.9,0.85,226.86,217.66000366210938,4.17,True,0.59,True,2026,224.59,-1.0,3.09,target,5.0,3,target,8.0,4,target,10.0,4,7.84,3.42,-10.17,14.15,-10.45
GOOGL,594,2026-02-05,B,2.64,0.95,331.25,306.4599914550781,3.18,True,2.98,True,2026,327.18,-1.23,6.33,stop,-6.33,5,stop,-6.33,5,stop,-6.33,5,-6.56,-4.8,-6.36,0.98,-10.12
VRT,598,2026-02-11,A,3.87,0.92,248.51,233.0,5.85,True,39.97,True,2026,243.95,-1.83,4.49,stop,-4.49,1,stop,-4.49,1,stop,-4.49,1,-0.08,4.48,6.12,13.46,-6.93
DELL,609,2026-02-27,A,4.15,0.94,148.08,136.11000061035156,5.06,False,21.81,True,2026,146.76,-0.89,7.0,target,5.0,10,target,11.41,14,target,11.41,14,-0.17,6.66,12.2,27.0,-6.31
AVGO,615,2026-03-09,B,1.61,0.89,345.75,323.6099853515625,4.14,True,3.44,False,2026,348.73,0.86,7.0,stop,-7.0,3,stop,-7.0,3,stop,-7.0,3,-7.86,-8.73,0.54,1.55,-16.85
TSM,615,2026-03-09,B,1.5,0.96,348.7,331.9200134277344,3.65,True,2.02,False,2026,348.47,-0.07,4.75,stop,-5.52,7,stop,-5.52,7,stop,-5.52,7,-0.71,-1.5,5.0,7.41,-9.95
MPWR,636,2026-04-08,A,2.0,0.86,1312.94,1251.97998046875,4.5,True,16.2,False,2026,1312.94,0.0,4.64,target,5.0,5,target,9.5,6,target,10.0,6,6.84,21.27,20.03,26.59,-0.69
ON,642,2026-04-16,A,2.64,0.91,79.93,73.9800033569336,4.04,True,23.37,False,2026,80.34,0.51,7.0,target,5.0,1,target,8.0,2,target,10.43,3,22.48,28.24,40.79,48.24,-0.7
ISRG,646,2026-04-22,A,2.32,0.76,483.62,460.010009765625,2.97,False,1.05,True,2026,484.5,0.18,5.05,stop,-5.05,4,stop,-5.05,4,stop,-5.05,4,-5.55,-6.4,-9.23,1.11,-13.78
ON,647,2026-04-23,A,2.38,0.79,97.78,92.5,3.63,True,45.55,False,2026,99.23,1.48,6.78,stop,-6.78,2,stop,-6.78,2,stop,-6.78,2,3.83,4.0,17.1,20.02,-6.84
TXN,647,2026-04-23,A,4.36,0.92,282.23,259.30999755859375,3.18,True,35.27,True,2026,287.83,1.98,7.0,stop,-7.0,1,stop,-7.0,1,stop,-7.0,1,-2.37,-0.01,7.43,9.64,-8.2
UNP,647,2026-04-23,A,3.02,1.0,271.26,255.0,2.09,True,7.64,True,2026,272.88,0.6,6.55,time,-2.57,20,time,-2.57,20,time,-2.57,20,-2.4,-3.02,-2.57,1.29,-4.34
ARM,648,2026-04-24,A,2.52,0.85,234.81,218.375,5.0,True,65.76,False,2026,224.49,-4.4,2.72,stop,-2.72,0,stop,-2.72,0,stop,-2.72,0,-9.46,-5.27,43.09,44.77,-13.62
NXPI,651,2026-04-29,A,3.41,0.76,289.25,278.07000732421875,4.02,False,36.31,True,2026,289.44,0.07,3.93,target,5.0,7,target,8.0,16,target,10.66,17,0.27,1.63,11.02,17.45,-3.34
SBUX,651,2026-04-29,A,3.92,0.75,105.5,100.08000183105469,2.3,True,9.38,True,2026,105.55,0.05,5.18,stop,-5.18,20,stop,-5.18,20,stop,-5.18,20,-1.22,0.81,-6.05,3.15,-6.6
CAT,652,2026-04-30,A,2.44,0.85,890.11,850.7999877929688,2.89,True,19.04,True,2026,896.84,0.76,5.13,stop,-5.13,12,stop,-5.13,12,stop,-5.13,12,0.07,-0.95,-3.51,3.85,-5.72
GOOGL,652,2026-04-30,A,2.92,0.95,384.8,365.82000732421875,2.54,True,22.6,True,2026,381.63,-0.82,4.14,target,5.0,5,time,-1.38,20,time,-1.38,20,5.02,3.97,-1.38,7.07,-2.13
ORLY,652,2026-04-30,A,2.45,0.9,99.4,95.83999633789062,2.17,False,7.38,True,2026,100.0,0.6,4.16,stop,-4.16,0,stop,-4.16,0,stop,-4.16,0,-7.04,-11.51,-13.36,0.63,-14.55
TEAM,653,2026-05-01,A,3.45,0.83,88.88,82.05000305175781,6.64,False,24.52,True,2026,88.17,-0.8,6.94,target,5.0,0,target,8.0,0,stop,-6.94,7,-0.98,1.43,23.74,35.4,-11.31
CSCO,661,2026-05-13,A,2.37,0.95,101.87,99.29000091552734,2.49,True,20.61,True,2026,117.55,15.39,7.0,target,5.0,12,target,8.0,12,target,10.0,13,0.55,2.44,3.02,10.91,-3.39
XOM,663,2026-05-15,B,1.67,0.98,157.92,153.0,2.53,True,1.91,False,2026,157.32,-0.38,2.75,stop,-2.75,5,stop,-2.75,5,stop,-2.75,5,-4.77,-4.93,-9.83,4.04,-12.46
ZS,664,2026-05-18,A,2.27,0.78,174.69,162.10000610351562,5.0,False,22.34,False,2026,178.11,1.96,7.0,target,5.0,4,stop,-22.99,5,stop,-22.99,5,-29.03,-24.56,-30.17,7.38,-32.91
TJX,666,2026-05-20,B,1.77,0.83,159.21,152.4499969482422,2.4,True,1.72,True,2026,159.5,0.18,4.42,stop,-4.42,6,stop,-4.42,6,stop,-4.42,6,-2.98,0.76,2.93,6.58,-4.49
IBM,667,2026-05-21,A,3.72,0.97,252.97,230.94000244140625,2.93,False,6.38,False,2026,262.05,3.59,7.0,target,5.82,4,target,8.0,4,target,10.0,4,22.27,7.16,1.1,26.87,-7.01
DELL,668,2026-05-22,A,2.66,0.91,295.19,265.2099914550781,6.02,True,46.79,False,2026,300.25,1.71,7.0,target,5.59,2,target,8.0,2,target,39.22,3,44.98,27.15,44.57,56.36,-0.56
AVGO,672,2026-05-29,A,2.25,0.88,446.77,431.4700012207031,3.62,True,15.83,False,2026,450.09,0.74,4.14,target,8.6,1,target,8.6,1,stop,-9.13,3,-11.88,-12.48,-16.07,9.98,-19.91
CRM,672,2026-05-29,A,2.59,0.78,191.1,180.02000427246094,4.24,False,5.69,True,2026,198.75,4.0,7.0,target,5.0,0,stop,-7.0,4,stop,-7.0,4,-8.15,-17.21,-21.18,6.33,-26.38
IBM,672,2026-05-29,A,3.51,0.88,297.8,273.3299865722656,3.73,False,24.49,False,2026,322.55,8.31,7.0,stop,-7.0,4,stop,-7.0,4,stop,-7.0,4,-12.94,-16.69,-12.82,3.07,-24.45
MSFT,672,2026-05-29,A,2.31,0.99,450.24,432.3599853515625,2.59,False,11.77,False,2026,464.84,3.24,6.99,stop,-6.99,2,stop,-6.99,2,stop,-6.99,2,-11.42,-14.0,-19.75,0.32,-24.88
NOW,672,2026-05-29,A,2.4,0.96,124.37,116.29000091552734,5.44,False,27.38,False,2026,135.77,9.17,7.0,stop,-7.0,1,stop,-7.0,1,stop,-7.0,1,-15.89,-23.29,-26.88,2.53,-34.16
ORCL,672,2026-05-29,A,2.04,0.97,225.78,208.00999450683594,4.23,False,31.95,False,2026,230.5,2.09,7.0,target,5.0,0,target,8.0,0,stop,-7.0,4,-8.1,-16.43,-36.42,8.57,-37.32
PLTR,672,2026-05-29,A,2.19,0.9,156.54,145.7899932861328,3.83,False,10.4,False,2026,159.98,2.2,7.0,stop,-7.0,2,stop,-7.0,2,stop,-7.0,2,-14.7,-15.8,-27.07,2.33,-33.51
SNOW,672,2026-05-29,A,2.02,0.96,255.55,239.5,5.07,False,63.84,True,2026,259.97,1.73,7.0,target,5.0,0,target,8.0,0,stop,-7.0,2,-7.51,-7.38,-2.1,9.62,-16.34
WDAY,672,2026-05-29,A,2.17,0.98,146.19,132.27999877929688,5.47,False,16.5,False,2026,152.0,3.97,7.0,stop,-7.0,5,stop,-7.0,5,stop,-7.0,5,-5.42,-14.74,-19.46,4.37,-26.64
CDNS,673,2026-06-01,A,2.12,0.98,414.16,383.94000244140625,3.35,True,27.62,False,2026,405.98,-1.98,5.43,stop,-5.43,3,stop,-5.43,3,stop,-5.43,3,-3.71,-4.47,-6.96,2.64,-11.63
DELL,673,2026-06-01,A,2.16,0.92,465.96,426.1499938964844,5.61,True,109.85,False,2026,466.11,0.03,7.0,stop,-7.0,0,stop,-7.0,0,stop,-7.0,0,-18.09,-13.31,-8.77,0.66,-23.39
ORCL,673,2026-06-01,A,2.28,0.92,248.15,224.60000610351562,4.43,False,43.47,False,2026,242.8,-2.16,7.0,stop,-7.0,2,stop,-7.0,2,stop,-7.0,2,-15.23,-22.43,-41.31,2.55,-41.31
MRVL,674,2026-06-02,A,3.92,0.99,290.79,252.42999267578125,6.83,True,89.64,False,2026,317.63,9.23,7.0,stop,-7.0,0,stop,-7.0,0,stop,-7.0,0,-20.48,-8.84,-22.77,3.86,-25.32
MRK,676,2026-06-04,B,1.81,0.92,120.26,117.08999633789062,2.78,True,3.54,False,2026,120.94,0.57,3.18,stop,-3.18,6,stop,-3.18,6,stop,-3.18,6,-1.56,-4.51,6.55,7.73,-7.75
AMGN,681,2026-06-11,B,1.87,0.74,354.06,341.4599914550781,2.55,True,4.05,False,2026,357.4,0.94,4.46,stop,-4.46,3,stop,-4.46,3,stop,-4.46,3,-3.55,0.88,-0.6,4.99,-6.53
MPWR,686,2026-06-18,B,2.45,0.73,1563.7,1515.6199951171875,7.21,True,1.12,False,2026,1592.69,1.85,4.84,stop,-4.84,0,stop,-4.84,0,stop,-4.84,0,-17.58,-20.08,-13.15,0.13,-22.71
TSM,686,2026-06-18,A,2.12,0.88,462.12,438.3900146484375,4.51,True,13.93,False,2026,476.09,3.02,7.0,stop,-7.75,1,stop,-7.75,1,stop,-7.75,1,-4.41,-9.14,-10.81,0.61,-18.92
ABBV,691,2026-06-26,A,8.38,1.0,253.35,244.66000366210938,2.63,False,17.96,False,2026,253.05,-0.12,3.32,stop,-3.32,9,stop,-3.32,9,stop,-3.32,9,0.63,-3.27,4.01,5.48,-3.94
LLY,691,2026-06-26,A,2.35,0.91,1208.12,1128.0,3.15,True,17.15,False,2026,1222.78,1.21,7.0,stop,-7.0,11,stop,-7.0,11,stop,-7.0,11,1.05,-5.74,-0.17,2.18,-7.23
SYK,691,2026-06-26,A,2.08,0.93,332.71,317.75,2.77,False,7.23,False,2026,333.07,0.11,4.6,stop,-4.6,1,stop,-4.6,1,stop,-4.6,1,-1.0,-6.61,4.06,5.82,-7.97
UBER,691,2026-06-26,A,2.89,0.95,76.2,72.44999694824219,3.41,False,3.7,False,2026,76.0,-0.26,4.67,stop,-4.67,1,stop,-4.67,1,stop,-4.67,1,-2.2,-5.16,-6.92,2.32,-13.93
EMR,709,2026-07-23,B,1.69,0.87,144.9,138.60000610351562,2.77,True,3.35,False,2026,144.9,0.0,4.35,target,5.0,6,target,8.0,7,target,10.0,7,3.4,9.22,8.53,14.8,-0.39
SLB,710,2026-07-24,A,2.34,0.94,52.42,49.7400016784668,2.72,True,1.83,True,2026,52.3,-0.23,4.89,stop,-4.89,2,stop,-4.89,2,stop,-4.89,2,-5.72,1.72,3.25,4.36,-7.65
FTNT,713,2026-07-29,B,2.59,0.84,153.22,143.77000427246094,4.24,True,3.23,True,2026,164.0,7.04,7.0,stop,-7.0,0,stop,-7.0,0,stop,-7.0,0,-2.37,0.88,5.35,6.03,-9.6
AMZN,715,2026-07-31,A,3.11,0.85,271.58,262.010009765625,3.41,True,10.12,True,2026,278.29,2.47,5.85,stop,-5.85,10,stop,-5.85,10,stop,-5.85,10,-0.07,-6.1,-6.65,3.2,-8.36
EMR,717,2026-08-04,A,2.0,0.91,158.84,152.27999877929688,3.06,True,11.22,True,2026,157.27,-0.99,3.17,target,5.5,5,stop,-3.17,18,stop,-3.17,18,4.15,0.21,-5.27,5.77,-6.94
GILD,717,2026-08-04,B,1.57,0.95,135.25,129.5399932861328,2.85,False,4.17,True,2026,136.0,0.55,4.75,stop,-4.75,1,stop,-4.75,1,stop,-4.75,1,-0.1,8.53,10.01,12.17,-5.13
PLTR,717,2026-08-04,A,4.85,0.91,162.66,143.27999877929688,5.17,False,24.17,True,2026,162.0,-0.41,7.0,target,5.0,2,target,8.0,3,target,10.0,3,5.58,8.14,4.6,16.28,-5.74
TJX,717,2026-08-04,B,1.52,0.71,157.55,155.3000030517578,2.28,True,0.01,False,2026,158.12,0.36,1.78,stop,-2.83,5,stop,-2.83,5,stop,-2.83,5,-3.48,-8.61,-16.96,2.77,-17.04
MRK,728,2026-08-19,A,3.9,0.85,152.2,144.89999389648438,2.85,True,20.09,False,2026,150.78,-0.93,3.9,stop,-3.9,14,stop,-3.9,14,stop,-3.9,14,-0.82,1.03,-2.59,4.07,-5.61
FCX,730,2026-08-21,A,2.25,0.77,76.66,74.4000015258789,3.8,True,18.53,False,2026,78.39,2.26,5.09,stop,-6.17,6,stop,-6.17,6,stop,-6.17,6,-3.38,-2.26,-7.95,2.36,-14.52
CRM,734,2026-08-27,A,4.67,0.9,252.05,230.0500030517578,4.13,False,40.91,True,2026,250.47,-0.63,7.0,target,5.0,0,time,-5.61,15,time,-5.61,15,3.5,3.58,-5.61,7.11,-5.68
CRWD,734,2026-08-27,A,2.93,0.95,227.96,206.10000610351562,5.01,True,16.74,True,2026,228.23,0.12,7.0,stop,-7.0,0,stop,-7.0,0,stop,-7.0,0,-6.63,3.13,9.25,9.68,-12.11
SNPS,734,2026-08-27,A,2.6,1.0,464.89,415.30999755859375,3.07,False,11.38,True,2026,461.85,-0.65,7.0,stop,-7.28,2,stop,-7.28,2,stop,-7.28,2,-14.73,-17.41,-12.99,0.13,-21.5
SLB,736,2026-08-31,A,3.53,0.86,60.1,57.970001220703125,2.78,True,20.25,False,2026,60.0,-0.17,3.38,stop,-3.38,0,stop,-3.38,0,stop,-3.38,0,-4.92,-12.83,-13.73,0.3,-15.88
DELL,738,2026-09-02,B,6.3,0.91,492.2,432.2699890136719,5.55,True,13.02,True,2026,486.31,-1.2,7.0,target,5.0,0,target,8.0,0,target,10.0,1,16.65,16.81,18.3,22.45,-1.65
AMD,741,2026-09-08,B,1.61,0.74,505.74,486.57000732421875,3.71,True,1.36,False,2026,507.5,0.35,4.12,stop,-4.18,3,stop,-4.18,3,stop,-4.18,3,0.99,21.28,21.28,21.52,-5.35
META,742,2026-09-09,A,2.22,0.78,653.69,638.5599975585938,3.04,False,9.21,False,2026,653.71,0.0,2.32,target,5.34,6,target,8.0,7,target,10.0,7,4.38,13.39,13.39,15.19,-1.77
AAPL,743,2026-09-10,B,1.72,0.98,326.57,316.510009765625,2.3,True,2.95,False,2026,327.45,0.27,3.34,time,3.52,6,time,3.52,6,time,3.52,6,2.65,3.52,3.52,3.72,-0.35
CRWD,745,2026-09-14,A,2.44,0.83,235.38,216.0500030517578,6.46,True,15.72,False,2026,233.0,-1.01,7.0,target,5.0,1,time,7.02,4,time,7.02,4,7.02,7.02,7.02,7.43,-0.92
GOOGL,745,2026-09-14,B,1.57,0.93,349.39,342.1400146484375,2.14,True,0.7,False,2026,346.8,-0.74,1.34,stop,-1.34,1,stop,-1.34,1,stop,-1.34,1,2.36,2.36,2.36,3.64,-1.78
PANW,745,2026-09-14,B,1.98,0.88,373.94,340.25,5.88,True,6.82,False,2026,368.43,-1.47,7.0,time,0.9,4,time,0.9,4,time,0.9,4,0.9,0.9,0.9,3.99,-3.37
ZS,745,2026-09-14,A,2.52,0.9,191.73,170.05999755859375,5.71,False,17.04,False,2026,188.26,-1.81,7.0,target,5.0,2,target,8.0,4,target,10.0,4,10.02,10.02,10.02,10.35,-0.43
ARM,748,2026-09-17,B,1.62,0.81,264.9,256.0,5.57,True,1.07,False,2026,269.27,1.65,4.93,target,9.32,1,target,9.32,1,target,10.0,1,19.92,19.92,19.92,20.38,-2.83
ADI,749,2026-09-18,B,2.26,0.98,375.72,363.1300048828125,2.8,True,0.62,False,2026,377.05,0.35,3.69,time,1.58,0,time,1.58,0,time,1.58,0,1.58,1.58,1.58,1.88,-1.61
ARM,749,2026-09-18,B,1.8,0.99,275.61,261.6549987792969,5.29,True,5.57,False,2026,294.36,6.8,7.0,target,5.0,0,target,8.0,0,target,10.0,0,9.7,9.7,9.7,10.12,-0.43
ETN,749,2026-09-18,B,2.41,0.96,424.77,410.92999267578125,3.55,True,2.14,False,2026,430.21,1.28,4.48,time,1.21,0,time,1.21,0,time,1.21,0,1.21,1.21,1.21,1.87,-0.96
KO,749,2026-09-18,B,1.87,0.95,88.25,87.5199966430664,1.37,True,1.38,False,2026,88.32,0.08,0.91,stop,-0.91,0,stop,-0.91,0,stop,-0.91,0,-1.36,-1.36,-1.36,0.2,-1.36
